Job ID,Job URL,Job Title,Company Name,Status,Timestamp,WP ID
e212ee9dd3bca275,https://pt.linkedin.com/jobs/view/candidatura-espont%C3%A2nea-at-santander-4378049762,Candidatura Espontânea,,scraped,2026-07-07T01:11:26.971936,
404e30b9d1cc5128,https://pt.linkedin.com/jobs/view/t%C3%A9cnico-a-administrativo-a-entrada-imediata-at-mymanagement-lecil-contabilidade-e-fiscalidade-4436330844,Técnico/A Administrativo/A | Entrada Imediata,,scraped,2026-07-07T01:11:33.811658,
da77a2d970c89046,https://pt.linkedin.com/jobs/view/porto-cabin-crew-opportunities-dubai-based-relocation-provided-at-emirates-4432740777,"Porto Cabin Crew Opportunities (Dubai Based, Relocation Provided)",,scraped,2026-07-07T01:11:40.570923,
d3ec0e499b083278,https://pt.linkedin.com/jobs/view/educadora-de-inf%C3%A2ncia-pr%C3%A9-escolar-at-synchro-by-egor-4435466331,Educadora de Infância (pré-escolar),,scraped,2026-07-07T01:12:51.084959,
430b48c66afdbc87,https://pt.linkedin.com/jobs/view/faro-cabin-crew-opportunities-dubai-based-relocation-provided-at-emirates-4433159179,"Faro Cabin Crew Opportunities (Dubai Based, Relocation Provided)",,scraped,2026-07-07T01:14:01.989053,
78bc43a134bcba9a,https://pt.linkedin.com/jobs/view/oferta-recepcionista-para-cl%C3%ADnica-de-medicina-dent%C3%A1ria-viana-do-castelo-at-oralmed-medicina-dent%C3%A1ria-4434952581,Oferta: Recepcionista para Clínica de Medicina Dentária -Viana do Castelo,,scraped,2026-07-07T01:14:08.954172,
6986ce94b3ca7f57,https://pt.linkedin.com/jobs/view/educadores-de-inf%C3%A2ncia-at-synchro-by-egor-4435831034,Educadores de infância,,scraped,2026-07-07T01:14:15.405848,
6a94a659c36a0425,https://pt.linkedin.com/jobs/view/analista-de-neg%C3%B3cio-pa%C3%A7o-de-arcos-at-auchan-retail-4434985977,Analista de Negócio - Paço de Arcos,,scraped,2026-07-07T01:14:47.076950,
057fdbab9fd9f040,https://pt.linkedin.com/jobs/view/administrativ%40-de-compras-at-porcelanosa-4432747964,Administrativ@ de Compras,Porcelanosa,posted,2026-07-07T01:15:12.337149,21
f16e2a1dd1b2e75d,https://pt.linkedin.com/jobs/view/rececionista-cl%C3%ADnica-de-medicina-est%C3%A9tica-braga-at-vip-clinic-4437101566,Rececionista | Clínica De Medicina Estética (Braga),,scraped,2026-07-07T01:15:15.084571,
7bf9e7006675f6ef,https://pt.linkedin.com/jobs/view/op-posto-de-abastecimento-amares-braga-at-prio-4433787072,Op. Posto de Abastecimento | Amares (Braga),,scraped,2026-07-07T01:15:24.082852,
31bc7c695526f1a2,https://pt.linkedin.com/jobs/view/assistente-de-atendimento-ao-cliente-%E2%80%93-funchal-at-synchro-by-egor-4431909196,Assistente de atendimento ao cliente – Funchal,,scraped,2026-07-07T01:15:35.240653,
ea325e35d88ccbd8,https://pt.linkedin.com/jobs/view/operador-de-assist%C3%AAncia-em-escala-at-evolve-unidade-de-avia%C3%A7%C3%A3o-4436947628,Operador De Assistência Em Escala,,scraped,2026-07-07T01:15:42.455060,
cb914154406c096b,https://pt.linkedin.com/jobs/view/client-advisor-lisbon-at-louis-vuitton-4417347118,CLIENT ADVISOR LISBON,Louis Vuitton,posted,2026-07-07T01:18:09.333107,23
6b475d76b2ca09f8,https://pt.linkedin.com/jobs/view/motorista-de-ligeiros-para-distribui%C3%A7%C3%A3o-b-m-f-at-torrestir-4434399236,Motorista de ligeiros para distribuição (b) (m/f),,scraped,2026-07-07T01:18:11.953753,
4cd66aacaa0de4cf,https://pt.linkedin.com/jobs/view/assistente-de-atendimento-ao-cliente-%E2%80%93-braga-at-synchro-by-egor-4431900442,Assistente de atendimento ao cliente – Braga,,scraped,2026-07-07T01:18:19.991444,
15eb9082074ac7ff,https://pt.linkedin.com/jobs/view/assistente-customer-service-at-jer%C3%B3nimo-martins-4431908728,Assistente Customer Service,,scraped,2026-07-07T01:19:57.259381,
ead37eb6d5c5ae44,https://pt.linkedin.com/jobs/view/comercial-lisboa-at-porcelanosa-4432765146,Comercial Lisboa,Porcelanosa,posted,2026-07-07T01:21:18.567624,25
e258adee1cb3df2e,https://pt.linkedin.com/jobs/view/coimbra-sales-professional-m-f-segunda-a-sexta-at-wondercom-4435701132,Coimbra | Sales Professional (M/F) | Segunda a Sexta,Wondercom,posted,2026-07-07T01:22:38.876080,27
37de93a39dfacd95,https://pt.linkedin.com/jobs/view/candidatura-espont%C3%A2nea-at-afaplan-4433972573,Candidatura Espontânea,,scraped,2026-07-07T01:22:41.613169,
860c68c9079fc6d4,https://pt.linkedin.com/jobs/view/assistente-administrativo-recepcionista-at-constarte-4436337537,Assistente Administrativo/Recepcionista,CONSTARTE,posted,2026-07-07T01:22:57.262249,29
159a1e2ab7eb8af0,https://pt.linkedin.com/jobs/view/empregada-de-andares-hotel-arcos-de-valdevez-at-grupo-serlima-4436348045,Empregada De Andares Hotel - Arcos De Valdevez,,scraped,2026-07-07T01:22:59.934454,
c2d21c0a323b6f53,https://pt.linkedin.com/jobs/view/rececionista-de-oficina-m-f-d-at-grupo-salvador-caetano-4436212413,Rececionista de Oficina (m/f/d),,scraped,2026-07-07T01:23:06.651960,
579b7125e7a4b52a,https://pt.linkedin.com/jobs/view/rececionista-%E2%80%93-hospital-lus%C3%ADadas-beloura-at-lus%C3%ADadas-sa%C3%BAde-4432365649,Rececionista – Hospital Lusíadas Beloura,,scraped,2026-07-07T01:24:18.366286,
bfb78bf827db7f49,https://pt.linkedin.com/jobs/view/professor-de-1%C2%BA-ciclo-at-synchro-by-egor-4436223284,Professor de 1º ciclo,,scraped,2026-07-07T01:24:25.648569,
cb9ac0c26dd82080,https://pt.linkedin.com/jobs/view/assistente-administrativo-at-funda%C3%A7%C3%A3o-vanzolini-4431968426,Assistente administrativo,Fundação Vanzolini,posted,2026-07-07T01:26:23.442306,31
51d10a9c9f0d65bd,https://pt.linkedin.com/jobs/view/contact-center-telecomunica%C3%A7%C3%B5es-at-wondercom-4436251973,Contact Center | Telecomunicações,Wondercom,posted,2026-07-07T01:26:35.940049,33
d71856102c4410fb,https://pt.linkedin.com/jobs/view/operador-de-call-center-part-time-at-wondercom-4436271208,Operador de Call Center | Part Time,Wondercom,posted,2026-07-07T01:26:48.180911,35
6c835591144d7f9a,https://pt.linkedin.com/jobs/view/auxiliar-educativa-at-col%C3%A9gio-s%C3%A3o-jo%C3%A3o-bosco-4437406414,Auxiliar Educativa,,scraped,2026-07-07T01:26:50.796839,
7ba609cfdd732d7a,https://pt.linkedin.com/jobs/view/assistente-administrativo-m-f-d-substitui%C3%A7%C3%A3o-de-baixa-m%C3%A9dica-qvb-at-the-fladgate-partnership-4435210460,Assistente Administrativo (M/F/D) Substituição de Baixa Médica - QVB,,scraped,2026-07-07T01:26:57.805836,
eb2171ccb5ce6f9d,https://pt.linkedin.com/jobs/view/oferta-copeiro-m-f-beja-%C3%A9vora-elvas-alt%C3%A9r-do-ch%C3%A3o-at-grupo-serlima-4434951598,Oferta: Copeiro (M/F) Beja/Évora/Elvas/Altér do Chão,,scraped,2026-07-07T01:27:08.351379,
8f1c30970711ae37,https://pt.linkedin.com/jobs/view/assistente-dent%C3%A1ria-heydoc-guimar%C3%A3es-at-lus%C3%ADadas-sa%C3%BAde-4434602969,Assistente Dentária - HeyDoc Guimarães,,scraped,2026-07-07T01:27:14.973438,
ba4ad943d9e89387,https://pt.linkedin.com/jobs/view/rececionista-2a-at-grupo-serlima-4436942599,Rececionista 2A,,scraped,2026-07-07T01:27:21.829205,
c3150273383d8909,https://pt.linkedin.com/jobs/view/marketing-trainee-at-sheraton-cascais-resort-4425859071,Marketing Trainee,Sheraton Cascais Resort,posted,2026-07-07T01:27:39.099733,37
284269a4dc3a7109,https://pt.linkedin.com/jobs/view/comercial-100%25-remoto-portugal-at-seekers-4428469441,Comercial (100% Remoto - Portugal),,scraped,2026-07-07T01:27:41.730685,
9550f83ed1af0b25,https://pt.linkedin.com/jobs/view/oferta-de-emprego-cozinheiro-1%C2%AA-e-2%C2%AA-m-f-arcos-de-valdevez-at-grupo-serlima-4434961533,Oferta de emprego: Cozinheiro 1ª e 2ª (M/F) - ARCOS DE VALDEVEZ,,scraped,2026-07-07T01:28:52.496503,
6ec45ae9847fc31e,https://pt.linkedin.com/jobs/view/psic%C3%B3logos-zona-norte-at-synchro-by-egor-4435483583,Psicólogos | Zona Norte,,scraped,2026-07-07T01:28:59.011087,
4a555f0ce93d854f,https://pt.linkedin.com/jobs/view/cvp-recruta-operador-a-teleassist%C3%AAncia-p-turnos-rotativos-at-cruz-vermelha-portuguesa-%E2%9C%94%EF%B8%8F-4435498282,CVP recruta Operador(a) Teleassistência (p/ Turnos Rotativos),,scraped,2026-07-07T01:29:08.479572,
dce50974a2a190b5,https://pt.linkedin.com/jobs/view/responsavel-de-explora%C3%A7%C3%A3o-agronomia-at-grafton-recruitment-4436702452,Responsavel de exploração (Agronomia),,scraped,2026-07-07T01:29:15.081890,
acf35deab7b59705,https://pt.linkedin.com/jobs/view/assistente-de-log%C3%ADstica-e-armaz%C3%A9m-at-synchro-by-egor-4436223286,Assistente de logística e armazém,,scraped,2026-07-07T01:29:23.223997,
14d52411c690d84c,https://pt.linkedin.com/jobs/view/gestor-de-pacientes-almada-m-f-d-at-cl%C3%ADnica-m%C3%A9dis-4434998936,Gestor De Pacientes - Almada (M/F/D),,scraped,2026-07-07T01:29:36.305110,
7485a193dee6ab51,https://pt.linkedin.com/jobs/view/abertura-de-novo-escrit%C3%B3rio-energias-lisboa-at-wondercom-4436098278,Abertura de Novo Escritório (Energias) - Lisboa,Wondercom,posted,2026-07-07T01:31:00.668189,39
ae44eaf2e28721f6,https://pt.linkedin.com/jobs/view/rececionista-2a-at-grupo-serlima-4436726611,Rececionista 2A,,scraped,2026-07-07T01:31:03.310242,
62fe0159692133e5,https://pt.linkedin.com/jobs/view/demi-chef-de-partie-%E2%80%93-aethos-ericeira-at-aethos-4436948536,Demi Chef De Partie – Aethos Ericeira,,scraped,2026-07-07T01:31:09.994432,
d9d39f0113cee325,https://pt.linkedin.com/jobs/view/op-posto-de-abastecimento-moure-vila-verde-at-prio-4432749303,Op. Posto de Abastecimento | Moure (Vila Verde),,scraped,2026-07-07T01:31:16.949702,
66dcb55b4045db19,https://pt.linkedin.com/jobs/view/analista-cq-m-f-d-castanheira-do-ribatejo-at-suanfarma-cdmo-4437190397,Analista Cq (M/F/D) - Castanheira Do Ribatejo,,scraped,2026-07-07T01:31:25.548078,
5ee8b47d032fc2e0,https://pt.linkedin.com/jobs/view/porto-agent-car-cleaner-2026-m-f-d-at-roadsurfer-4435106862,Porto - Agent / Car Cleaner 2026 (M/F/D),,scraped,2026-07-07T01:31:52.730642,
e91577357fb1224e,https://pt.linkedin.com/jobs/view/rececionista-de-2%C2%AA-m-f-hotel-origine-porto-gaia-tribute-portfolio-at-ahm-ace-hospitality-management-4435297385,Rececionista de 2ª (M/F) -  Hotel Origine Porto Gaia Tribute Portfolio,,scraped,2026-07-07T01:31:59.233325,
e1e35672d988b37a,https://pt.linkedin.com/jobs/view/rececionista-para-cl%C3%ADnica-dent%C3%A1ria-m-f-alverca-at-cl%C3%ADnica-santa-madalena-4435797051,Rececionista para Clínica Dentária (m/f) - ALVERCA,,scraped,2026-07-07T01:32:07.793698,
d690f6e941ab0ce1,https://pt.linkedin.com/jobs/view/t%C3%A9cnico-de-sistemas-e-suporte-at-pontual-software-solutions-4431942156,Técnico de Sistemas e Suporte,,scraped,2026-07-07T01:32:15.798895,
1eed61cdc9d934ac,https://pt.linkedin.com/jobs/view/assistant-store-director-at-hyouman-4437408553,Assistant Store Director,Hyouman,posted,2026-07-07T01:32:43.272575,41
ea0237b866217100,https://pt.linkedin.com/jobs/view/t%C3%A9cnico-de-aviso-a-propriet%C3%A1rios-m-f-lisboa-e-viseu-at-perene-sa-4436709464,Técnico de Aviso a Proprietários (m/f) - Lisboa e Viseu,,scraped,2026-07-07T01:32:45.974981,
121db85791525859,https://pt.linkedin.com/jobs/view/engineering-manager-m-f-at-pecol-s-a-4436351808,Engineering Manager (M/F),,scraped,2026-07-07T01:32:53.335002,
1eb64ce68ea4a207,https://pt.linkedin.com/jobs/view/speculative-application-candidaturas-espont%C3%A2neas-at-park-international-school-4407856676,Speculative Application / Candidaturas Espontâneas,PaRK International School,posted,2026-07-07T01:34:13.970541,43
76355ec72456e0ee,https://pt.linkedin.com/jobs/view/jardineiro-m-f-leiria-at-mota-engil-4433993379,Jardineiro (M/F) - Leiria,,scraped,2026-07-07T01:34:16.697929,
9a786ff2d0f4ab91,https://pt.linkedin.com/jobs/view/storage-administrator-at-hn-services-portugal-4432771516,Storage  Administrator,HN Services Portugal,posted,2026-07-07T01:35:42.969024,45
8b4d7d8e1442f24f,https://pt.linkedin.com/jobs/view/retail-sourcing-specialist-at-the-tjx-companies-inc-4435438426,Retail Sourcing Specialist,,scraped,2026-07-07T01:35:45.796129,
dfed140561e91537,https://pt.linkedin.com/jobs/view/developer-oracle-hcm-at-hn-services-4432782182,Developer Oracle HCM,,scraped,2026-07-07T01:36:04.317865,
8eaa2a3257282a1f,https://pt.linkedin.com/jobs/view/operador-a-de-limpeza-at-lecifarma-laborat%C3%B3rio-farmac%C3%AAutico-lda-4436272192,Operador/a de Limpeza,,scraped,2026-07-07T01:36:11.434941,
a8d812ffe2437b06,https://pt.linkedin.com/jobs/view/moderator-de-con%C8%9Binut-limba-rom%C3%A2n%C4%83-social-media-at-concentrix-4413342230,Moderator de conținut (limba română) - Social Media,,scraped,2026-07-07T01:36:18.123422,
49e7f889d308d968,https://pt.linkedin.com/jobs/view/porto-site-lead-at-patreon-4343931832,Porto Site Lead,Patreon,posted,2026-07-07T01:36:36.031422,47
e10c7f58cad44c63,https://pt.linkedin.com/jobs/view/jira-confluence-administrator-at-team-it-4435039903,Jira & Confluence Administrator,,scraped,2026-07-07T01:36:38.796830,
b4004d851ba77c69,https://pt.linkedin.com/jobs/view/ajudante-de-a%C3%A7%C3%A3o-direta-at-associa%C3%A7%C3%A3o-rainha-dona-beatriz-4437176506,Ajudante de Ação Direta,Associação Rainha Dona Beatriz,posted,2026-07-07T01:36:52.401280,49
aa1d1542785d5dfa,https://pt.linkedin.com/jobs/view/mec%C3%A2nico-at-afavias-4436918863,Mecânico,,scraped,2026-07-07T01:36:55.044255,
e44a8ad0f6838584,https://pt.linkedin.com/jobs/view/product-manager-junior-at-noesis-4435824446,Product Manager Junior,,scraped,2026-07-07T01:37:02.029181,
009030eef2bf05eb,https://pt.linkedin.com/jobs/view/instrutor-de-aulas-de-grupo-physical-s%C3%A3o-jo%C3%A3o-da-madeira-at-physical-4435428850,Instrutor de aulas de grupo - Physical São João da Madeira,,scraped,2026-07-07T01:37:10.847284,
9b1a248eb95770d5,https://pt.linkedin.com/jobs/view/agente-de-seguros-at-mapfre-4437163520,Agente de seguros,,scraped,2026-07-07T01:37:18.115617,
1a1bf75199d67d02,https://pt.linkedin.com/jobs/view/tender-and-contract-coordinator-portugal-at-merit-medical-systems-inc-4432780045,Tender and Contract Coordinator- Portugal,,scraped,2026-07-07T01:37:24.741110,
1b0a45d58599b9ff,https://pt.linkedin.com/jobs/view/italian-content-moderator-in-porto-at-blueview-talent-4434389654,Italian Content Moderator in Porto,BlueView Talent,posted,2026-07-07T01:39:00.070645,51
50212962dc33ca20,https://pt.linkedin.com/jobs/view/russian-speaking-interpreter-%E2%80%93-remote-in-portugal-at-kats-recruitment-4435462185,Russian-Speaking Interpreter – Remote in Portugal),,scraped,2026-07-07T01:39:02.925787,
094472fff55dede1,https://pt.linkedin.com/jobs/view/it-recruiter-at-decskill-4433105029,IT Recruiter,,scraped,2026-07-07T01:39:09.704963,
13ba11a61d8bc88e,https://pt.linkedin.com/jobs/view/pasteleiro-de-1%C2%AA-at-grupo-aloma-4436496793,Pasteleiro de 1ª,,scraped,2026-07-07T01:39:18.989548,
38b9e5ebe0822499,https://pt.linkedin.com/jobs/view/cozinheiro-at-randstad-4433192569,Cozinheiro,,scraped,2026-07-07T01:39:26.401272,
ece5cb879382fffb,https://pt.linkedin.com/jobs/view/venture-analyst-comparaja-at-comparaj%C3%A1-pt-4436930109,Venture Analyst - ComparaJa,,scraped,2026-07-07T01:39:33.091617,
e0bb6cb4bc11e7f3,https://pt.linkedin.com/jobs/view/bartender-at-praia-no-parque-4436765714,Bartender,,scraped,2026-07-07T01:39:40.524474,
760745a12d1e6c96,https://pt.linkedin.com/jobs/view/audiologista-ponta-delgada-at-amplifon-4434969240,Audiologista Ponta Delgada,,scraped,2026-07-07T01:39:47.051268,
a3384b8e65b0b433,https://pt.linkedin.com/jobs/view/operador-a-de-res%C3%ADduos-res%C3%ADduos-at-grupo-blueotter-4434602004,Operador(a) de  Resíduos - Resíduos,,scraped,2026-07-07T01:39:54.501936,
fcc2ae3f1845f5a1,https://pt.linkedin.com/jobs/view/empregada-dom%C3%A9stica-m-f-lisboa-e-cascais-v%C3%A1rias-at-interdomicilio-portugal-4435480753,Empregada Doméstica (M/F) - Lisboa e Cascais | Várias,,scraped,2026-07-07T01:40:01.275927,
ae2a77e26e38561f,https://pt.linkedin.com/jobs/view/agente-imobili%C3%A1rio-m-f-%E2%80%93-era-madeira-garajau-at-era-madeira-garajau-4435441297,Agente Imobiliário (M/F) – ERA Madeira Garajau,,scraped,2026-07-07T01:40:09.558013,
0b7b1950a527b3de,https://pt.linkedin.com/jobs/view/maintenance-administrative-m-f-d-8h-17h-at-borgwarner-4434638471,Maintenance Administrative (M/F/D) | 8H-17H,,scraped,2026-07-07T01:40:16.360716,
ba032fa7fa26edc4,https://www.linkedin.com/jobs/view/2026/,"1,000+Senior Design Verification Engineer Jobs in United States",,failed|wp_post_failed,2026-07-07T01:40:40.092867,
762439eec06ad9b9,https://pt.linkedin.com/jobs/view/assistant-store-manager-m-f-at-action-4436027925,Assistant Store Manager (m/f),,scraped,2026-07-07T01:40:42.713093,
f79baf2d70fc05b8,https://pt.linkedin.com/jobs/view/cultivation-technician-ipm-cantanhede-at-tilray-brands-inc-4436752047,"Cultivation Technician (IPM), Cantanhede",,scraped,2026-07-07T01:40:51.460971,
2a83ed70eb42c224,https://pt.linkedin.com/jobs/view/welcome-ambassador-bagageiro-at-w-hotels-4435266407,Welcome Ambassador-Bagageiro,,scraped,2026-07-07T01:41:09.308016,
2e9d3db28d83626a,https://pt.linkedin.com/jobs/view/queres-ganhar-acima-da-m%C3%A9dia-no-imobili%C3%A1rio%3F-at-promag-4435281119,QUERES GANHAR ACIMA DA MÉDIA NO IMOBILIÁRIO?,,scraped,2026-07-07T01:41:35.091431,
7ac8ac3e1d5d0e89,https://pt.linkedin.com/jobs/view/database-administrator-at-primeit-4432960921,Database Administrator,,scraped,2026-07-07T01:42:17.208868,
1450533159ac1bb2,https://pt.linkedin.com/jobs/view/welcome-ambassador-bagageiro-at-w-hotels-4435275173,Welcome Ambassador-Bagageiro,,scraped,2026-07-07T01:42:25.411911,
6278a513a8512c3c,https://pt.linkedin.com/jobs/view/ukrainian-speaking-content-moderator-on-site-at-ignite-4436218188,Ukrainian Speaking Content Moderator (on-site),Ignite,posted,2026-07-07T01:42:45.681603,53
4e96ed097b9bac7a,https://pt.linkedin.com/jobs/view/f-b-concierge-at-costaterra-golf-ocean-club-4435854047,F&B Concierge,,scraped,2026-07-07T01:42:48.238292,
62a92ed28da676ac,https://pt.linkedin.com/jobs/view/cultivation-technician-propaga%C3%A7%C3%A3o-at-tilray-brands-inc-4436740479,Cultivation Technician (Propagação),,scraped,2026-07-07T01:42:54.523235,
23862cabb82f19cb,https://pt.linkedin.com/jobs/view/business-assistant-project-manager-at-adrian-magnus-4436907431,Business Assistant / Project Manager,,scraped,2026-07-07T01:43:02.001533,
18be5be7583e3503,https://pt.linkedin.com/jobs/view/t%C3%A9cnico-de-manuten%C3%A7%C3%A3o-funchal%E2%80%93-entrada-imediata-at-grupo-serlima-4434997965,Técnico De Manutenção -Funchal– Entrada Imediata,,scraped,2026-07-07T01:43:28.337721,
6b615047b82c62b1,https://pt.linkedin.com/jobs/view/amazon-3d-designer-at-greenlight-media-pte-ltd-4436944054,Amazon 3D Designer,Greenlight Media Pte Ltd,posted,2026-07-07T01:43:42.527966,55
c7360ee7f3fb0f81,https://pt.linkedin.com/jobs/view/designer-de-comunica%C3%A7%C3%A3o-at-omatapalo-e-c-portugal-4434612446,Designer de Comunicação,,scraped,2026-07-07T01:43:45.271315,
daa8c3f801e1f185,https://pt.linkedin.com/jobs/view/full-time-porto-at-promag-4436265387,FULL-TIME PORTO,Promag,posted,2026-07-07T01:43:59.134707,57
9a577859ac4d943d,https://pt.linkedin.com/jobs/view/enfermagem-m-f-unidade-de-sa%C3%BAde-lisboa-disponibilidades-at-human-first-4435271584,Enfermagem (M/F) - Unidade de Saúde - Lisboa (Disponibilidades),,scraped,2026-07-07T01:44:01.710560,
c16b2d733e9254d5,https://pt.linkedin.com/jobs/view/consultor-hospitalar-junior-gest%C3%A3o-aplicacional-at-glintt-global-4435120524,Consultor Hospitalar Junior | Gestão Aplicacional,,scraped,2026-07-07T01:44:09.532152,
cf0bf11cd7db069b,https://pt.linkedin.com/jobs/view/lavador-de-ve%C3%ADculos-pesados-at-recauchutagem-ram%C3%B4a-s-a-4436997660,Lavador De Veículos Pesados,,scraped,2026-07-07T01:44:17.931103,
78bbea484847a8a0,https://pt.linkedin.com/jobs/view/engenheiro-de-produ%C3%A7%C3%A3o-j%C3%BAnior-at-mobizy-4434320326,Engenheiro de Produção | Júnior,,scraped,2026-07-07T01:44:26.865846,
4d8adfb20a0483a7,https://pt.linkedin.com/jobs/view/bolsa-de-inicia%C3%A7%C3%A3o-%C3%A0-investiga%C3%A7%C3%A3o-bii-at-inegi-driving-science-innovation-4435128682,Bolsa de Iniciação à Investigação (BII),INEGI driving science & innovation,posted,2026-07-07T01:44:49.069827,59
1fefc980ccf1d2bf,https://pt.linkedin.com/jobs/view/assistente-de-gest%C3%A3o-de-correspond%C3%AAncia-lisboa-7h-15h-at-grupo-serlima-4436732508,Assistente De Gestão De Correspondência - Lisboa (7H-15H),,scraped,2026-07-07T01:44:51.778695,
46356b4df25399d4,https://pt.linkedin.com/jobs/view/assistente-de-cerim%C3%B3nias-com-empatia-e-comunica%C3%A7%C3%A3o-at-viriato-funer%C3%A1rias-portuguesas-4436937894,Assistente De Cerimónias Com Empatia E Comunicação,Viriato Funerárias Portuguesas,posted,2026-07-07T01:45:05.295581,61
333a54b8e907539a,https://pt.linkedin.com/jobs/view/operador-de-cargas-e-descargas-at-synchro-by-egor-4434351996,Operador de cargas e descargas,,scraped,2026-07-07T01:45:07.883978,
6742d285edb4d063,https://pt.linkedin.com/jobs/view/t%C3%ADtulo-da-vaga-empregada-de-andares-quarteira-faro-at-grupo-serlima-4436737238,Título Da Vaga: Empregada De Andares - Quarteira (Faro),,scraped,2026-07-07T01:45:21.676331,
ef5354148a8b4642,https://pt.linkedin.com/jobs/view/diretor-comercial-at-master-vantagem-portugal-4433199344,Diretor Comercial,,scraped,2026-07-07T01:45:28.238584,
5cc73d9507c05da0,https://pt.linkedin.com/jobs/view/head-of-sales-portugal-m-f-at-forgesp-consultores-4436998621,Head Of Sales Portugal (M/F),,scraped,2026-07-07T01:45:35.908154,
510c564d3bafe7e5,https://pt.linkedin.com/jobs/view/hr-specialist-at-jobgether-4436206907,HR Specialist,,scraped,2026-07-07T01:45:43.263304,
8298f8271c90dc11,https://pt.linkedin.com/jobs/view/host-at-hard-rock-cafe-4400280092,Host,,scraped,2026-07-07T01:45:50.074097,
335b8b6048fdb048,https://pt.linkedin.com/jobs/view/waiter-waitress-at-martinhal-luxury-resorts-4436359308,Waiter/Waitress,,scraped,2026-07-07T01:46:08.157418,
637dc7d68141a3f1,https://pt.linkedin.com/jobs/view/aven%C3%A7ado-bem-estar-lisboa-at-jer%C3%B3nimo-martins-4437185822,Avençado Bem Estar | Lisboa,,scraped,2026-07-07T01:46:14.864151,
a17a087ddc1cae85,https://pt.linkedin.com/jobs/view/cvp-recruta-gestor-a-de-projetos-monitoriza%C3%A7%C3%A3o-e-reporting-at-cruz-vermelha-portuguesa-%E2%9C%94%EF%B8%8F-4436274016,"CVP recruta Gestor/a de Projetos, Monitorização e Reporting",,scraped,2026-07-07T01:46:22.163605,
b76d4a532be8d69b,https://pt.linkedin.com/jobs/view/teacher-of-english-lisbon-at-british-council-4433110348,Teacher of English (Lisbon),British Council,posted,2026-07-07T01:47:02.907894,63
52315ec4a2e612fc,https://pt.linkedin.com/jobs/view/gen-ai-trainee-program-at-santander-4408518729,Gen AI Trainee Program,,scraped,2026-07-07T01:47:05.659750,
3c650067094f1e47,https://pt.linkedin.com/jobs/view/freelance-presentation-designer-at-mindrift-4436499820,Freelance Presentation Designer,,scraped,2026-07-07T01:47:12.620968,
391daeca65712463,https://pt.linkedin.com/jobs/view/assistente-comercial-miraflores-at-adecco-4433702653,Assistente Comercial - Miraflores,,scraped,2026-07-07T01:48:18.927421,
f15c6ae8184684e5,https://pt.linkedin.com/jobs/view/business-insights-analyst-at-reachdesk-4434323004,Business Insights Analyst,,scraped,2026-07-07T01:48:25.599603,
6efb6cd0e9b860dd,https://pt.linkedin.com/jobs/view/assistente-de-gest%C3%A3o-de-correspond%C3%AAncia-lisboa-at-grupo-serlima-4436342642,Assistente De Gestão De Correspondência - Lisboa,,scraped,2026-07-07T01:48:41.144905,
ed8a176532b079ca,https://pt.linkedin.com/jobs/view/data-scientist-at-bnp-paribas-4431909875,Data Scientist,BNP Paribas,posted,2026-07-07T01:49:01.092514,65
4dce2c35021b70f2,https://pt.linkedin.com/jobs/view/marketing-intern-at-vitacress-portugal-4435843619,Marketing Intern,,scraped,2026-07-07T01:49:03.686805,
419ef888088498b9,https://pt.linkedin.com/jobs/view/coimbra-gest%C3%A3o-de-contacto-telef%C3%B3nico-e-social-media-m-f-at-wondercom-4435703025,Coimbra | Gestão de Contacto Telefónico e Social Media (M/F),,scraped,2026-07-07T01:49:12.728113,
956987c748bda292,https://pt.linkedin.com/jobs/view/corporate-recruiter-at-primeit-4433925766,Corporate Recruiter,,scraped,2026-07-07T01:49:20.957101,
5a976ba85b2cfd8c,https://pt.linkedin.com/jobs/view/operations-specialist-comparaj%C3%A1-at-comparaj%C3%A1-pt-4436929147,Operations Specialist - ComparaJá,,scraped,2026-07-07T01:49:29.832049,
2392238f882b1360,https://pt.linkedin.com/jobs/view/store-manager-rua-de-santo-ant%C3%B3nio-faro-at-la-casa-de-las-carcasas-4437468687,Store Manager_Rua de Santo António_Faro,,scraped,2026-07-07T01:49:37.173902,
afe2b6c9b86bda85,https://pt.linkedin.com/jobs/view/integration-developer-at-expleo-group-4408055442,Integration Developer,,scraped,2026-07-07T01:49:44.169191,
b954d5a54ac339e8,https://pt.linkedin.com/jobs/view/operador-a-de-loja-at-action-4436243986,Operador/a de loja,,scraped,2026-07-07T01:49:51.513106,
c5467d53ecf34508,https://pt.linkedin.com/jobs/view/oracle-dba-at-kcs-it-4435092426,Oracle DBA,,scraped,2026-07-07T01:50:00.606165,
876c35b976c0d871,https://pt.linkedin.com/jobs/view/arquiteto-4437476086,Arquiteto,Vanessa Marques Arquiteta,posted,2026-07-07T01:50:13.813220,67
6cdcfb6c8dfca0af,https://pt.linkedin.com/jobs/view/recrutador-a-at-century-21-realty-art-group-4436767244,Recrutador/a,CENTURY 21 Realty Art Group,posted,2026-07-07T01:50:27.626466,69
78832cc3664e6644,https://pt.linkedin.com/jobs/view/pricing-manager-at-marley-spoon-4427752235,Pricing Manager,,scraped,2026-07-07T01:50:30.425623,
a132cbeb9f3efec2,https://pt.linkedin.com/jobs/view/fiscal-de-obra-at-tuu-4432393323,Fiscal de Obra,,scraped,2026-07-07T01:50:37.105969,
1fecce280d8fa1e3,https://pt.linkedin.com/jobs/view/comprador-at-tsl-4437164292,Comprador,,scraped,2026-07-07T01:50:46.027320,
b164efd7475501cf,https://pt.linkedin.com/jobs/view/rent-a-car-advisor-m-f-d-aeroporto-de-lisboa-at-grupo-salvador-caetano-4436211833,Rent-a-Car Advisor (m/f/d) - Aeroporto de Lisboa,,scraped,2026-07-07T01:50:52.638942,
1be344c9b9931c90,https://pt.linkedin.com/jobs/view/junior-product-marketing-administrator-at-workplace-options-4437417569,Junior Product Marketing Administrator,,scraped,2026-07-07T01:51:00.901760,
8f957fa3bfc535cc,https://pt.linkedin.com/jobs/view/administrativo-de-recursos-humanos-substitui%C3%A7%C3%A3o-de-licen%C3%A7a-de-maternidade-porto-at-talenter-4436361180,Administrativo de Recursos Humanos (Substituição de Licença de Maternidade) - Porto,,scraped,2026-07-07T01:51:14.184054,
65a723ed98e3a5d3,https://pt.linkedin.com/jobs/view/diretor-de-fiscaliza%C3%A7%C3%A3o-fiscaliza%C3%A7%C3%A3o-e-gest%C3%A3o-de-projeto-santar%C3%A9m-at-sgs-4431938022,Diretor de Fiscalização | Fiscalização e Gestão de Projeto - Santarém,,scraped,2026-07-07T01:51:21.437217,
8a506d630b66e9dc,https://pt.linkedin.com/jobs/view/administrativo-alverca-at-grupo-serlima-4435117360,Administrativo - Alverca,,scraped,2026-07-07T01:51:28.258893,
5a36611ab51cab3c,https://pt.linkedin.com/jobs/view/chefe-de-turno-perfil-j%C3%BAnior-aeroporto-de-lisboa-m-f-at-newrest-4432360350,Chefe de Turno (Perfil Júnior) - Aeroporto de Lisboa (m/f),,scraped,2026-07-07T01:51:35.120432,
ff670d80a31e55bf,https://pt.linkedin.com/jobs/view/assistente-dire%C3%A7%C3%A3o-opera%C3%A7%C3%B5es-algarve-at-grupo-timing-4435820605,Assistente Direção Operações (ALGARVE),Grupo Timing,posted,2026-07-07T01:51:59.164115,71
446fb2d6ba40fa7b,https://pt.linkedin.com/jobs/view/rececionista-hospital-lus%C3%ADadas-albufeira-at-lus%C3%ADadas-sa%C3%BAde-4432358882,Rececionista - Hospital Lusíadas Albufeira,,scraped,2026-07-07T01:52:01.848220,
a4b8691ed1389164,https://pt.linkedin.com/jobs/view/ajudante-de-cozinha-at-ideias-aos-molhos-4434950622,Ajudante de Cozinha,Ideias aos Molhos,posted,2026-07-07T01:52:18.771586,73
801e664f4a642a08,https://pt.linkedin.com/jobs/view/assistente-de-equipa-imobili%C3%A1ria-%E2%80%94-suporte-crescimento-at-zome-4436332667,Assistente De Equipa Imobiliária — Suporte & Crescimento,,scraped,2026-07-07T01:52:21.447390,
d139fc4f350048ed,https://pt.linkedin.com/jobs/view/educadora-de-inf%C3%A2ncia-novo-projeto-at-col%C3%A9gio-casa-do-cuco-4435830117,Educadora de Infância - Novo Projeto,,scraped,2026-07-07T01:52:30.660806,
46ed63c350fc50b5,https://pt.linkedin.com/jobs/view/t%C3%A9cnico-de-recursos-humanos-m-f-braga-at-transdev-portugal-4433933399,Técnico de Recursos Humanos (m/f) - Braga,,scraped,2026-07-07T01:52:59.289425,
703f643d791ce617,https://pt.linkedin.com/jobs/view/strategy-business-development-senior-consultant-at-inetum-4369220763,Strategy & Business Development Senior Consultant,,scraped,2026-07-07T01:53:06.862358,
2dfd224cc0e82238,https://pt.linkedin.com/jobs/view/analista-de-administra%C3%A7%C3%A3o-finan%C3%A7as-e-pessoas-at-ordem-dos-contabilistas-certificados-4435581789,"Analista De Administração, Finanças E Pessoas",,scraped,2026-07-07T01:53:13.558510,
00dbea0e626903f2,https://pt.linkedin.com/jobs/view/op-posto-de-abastecimento-oliveira-de-frades-at-prio-4433770902,Op. Posto de Abastecimento | Oliveira de Frades,,scraped,2026-07-07T01:53:20.935114,
77e66a4ae066fe8b,https://pt.linkedin.com/jobs/view/it-operations-analyst-at-alongside-4436746917,IT Operations Analyst,,scraped,2026-07-07T01:53:29.197640,
5c5787fcfa1ffdc0,https://pt.linkedin.com/jobs/view/empregada-de-andares-hoteleira-quarteira-at-grupo-serlima-4436742002,Empregada De Andares Hoteleira - Quarteira,,scraped,2026-07-07T01:53:35.821631,
f1be31b26862a6a6,https://pt.linkedin.com/jobs/view/inspetor-de-qualidade-m-f-at-tecnimede-group-4435276324,Inspetor de Qualidade (M/F),Tecnimede Group,posted,2026-07-07T01:54:01.573372,75
d0f9e7cf9fbf5a7a,https://pt.linkedin.com/jobs/view/junior-system-administrator-windows-at-alongside-4436738586,Junior System Administrator (Windows),,scraped,2026-07-07T01:54:04.245327,
26d7c1bec93338c8,https://pt.linkedin.com/jobs/view/laundry-manager-at-four-seasons-4436371537,Laundry Manager,Four Seasons,posted,2026-07-07T01:54:20.268882,77
81534633e059df37,https://pt.linkedin.com/jobs/view/microsoft365-sysadmin-at-affinity-4436725172,Microsoft365 SysAdmin,,scraped,2026-07-07T01:54:23.115113,
26583bf61b6bd2b3,https://pt.linkedin.com/jobs/view/product-developer-at-nil%C3%B6rn-4433988616,Product Developer,,scraped,2026-07-07T01:54:30.122647,
ee64f98e0f1e4389,https://pt.linkedin.com/jobs/view/pintor-lisboa-at-soauto-vgrp-4435895649,Pintor - Lisboa,,scraped,2026-07-07T01:54:37.679085,
0f7804f5d85794fe,https://pt.linkedin.com/jobs/view/empregado-a-de-limpeza-com-carta-de-condu%C3%A7%C3%A3o-at-meraprime-gold-design-hotel-4434472739,Empregado(a) de limpeza com carta de condução,,scraped,2026-07-07T01:54:44.249060,
583a29e559e892d4,https://pt.linkedin.com/jobs/view/agents-de-recouvrement-de-cr%C3%A9ances-porto-at-gi-group-4437178002,Agents de recouvrement de créances - Porto,,scraped,2026-07-07T01:54:57.463494,
91f4297bb749732b,https://pt.linkedin.com/jobs/view/colaboradores-de-loja-m-f-sec%C3%A7%C3%A3o-de-reposi%C3%A7%C3%A3o-lagoa-algarve-at-apol%C3%B3nia-supermercados-s-a-4434612725,Colaboradores de Loja (m/f) - Secção de Reposição - Lagoa (Algarve),,scraped,2026-07-07T01:55:05.175595,
693e92f3ed3f0c8d,https://pt.linkedin.com/jobs/view/call-center-telemarketing-m-f-porto-at-eurofirms-group-people-first-4430975911,Call Center Telemarketing (M/F) - Porto,,scraped,2026-07-07T01:55:14.042772,
f7ca622c7d2dbfe6,https://pt.linkedin.com/jobs/view/gestor-de-cr%C3%A9dito-at-decis%C3%B5es-e-solu%C3%A7%C3%B5es-vila-nova-da-barquinha-4437415289,Gestor de crédito,,scraped,2026-07-07T01:55:21.562391,
5272cb3e56646b02,https://pt.linkedin.com/jobs/view/business-developer-at-engel-v%C3%B6lkers-west-coast-sintra-4435107809,Business Developer,,scraped,2026-07-07T01:55:30.243472,
5826cf42b0fccf1a,https://pt.linkedin.com/jobs/view/operador-de-gest%C3%A3o-de-res%C3%ADduos-e-limpeza-%E2%80%93-sintra-at-galucho-4435486473,Operador de Gestão de Resíduos e Limpeza – Sintra,,scraped,2026-07-07T01:55:37.068800,
87eb827b34dc9377,https://pt.linkedin.com/jobs/view/auxiliar-de-armaz%C3%A9m-m-f-at-torrestir-4435291525,Auxiliar de Armazém (M/F),,scraped,2026-07-07T01:55:45.214575,
4bd9b3bb066f4eac,https://pt.linkedin.com/jobs/view/gestor-de-clientes-m-f-%E2%80%93-coimbra-at-wondercom-4436255671,Gestor de Clientes (M/F) – Coimbra,,scraped,2026-07-07T01:55:53.600347,
78966d93528e18b1,https://pt.linkedin.com/jobs/view/mendix-developer-at-adentis-portugal-4434350541,Mendix Developer,,scraped,2026-07-07T01:56:01.867374,
c9dcd5026a53058f,https://pt.linkedin.com/jobs/view/cash-collection-specialist-at-nestl%C3%A9-4434978851,Cash Collection Specialist,Nestlé,posted,2026-07-07T01:56:18.239158,79
a918ca1bef1f04bd,https://pt.linkedin.com/jobs/view/m%C3%A9diateur-familial-h-f-udaf-17-at-udaf-union-d%C3%A9partementale-des-associations-familiales-4436023809,Médiateur familial H/F (Udaf 17),,scraped,2026-07-07T01:56:20.854422,
eeb1fcb43b96b7ea,https://pt.linkedin.com/jobs/view/intermedi%C3%A1rio-de-cr%C3%A9dito-m-f-at-sdc-solu%C3%A7%C3%B5es-de-cr%C3%A9dito-4435817243,Intermediário de Crédito (M/F),,scraped,2026-07-07T01:56:30.071207,
f7a0dd43560167d8,https://pt.linkedin.com/jobs/view/talent-acquisition-specialist-at-deloitte-4418105468,Talent Acquisition Specialist,Deloitte,posted,2026-07-07T01:56:46.246153,81
b250710c7ae6a47f,https://pt.linkedin.com/jobs/view/rental-sales-agent-paredes-at-sixt-portugal-4431938763,Rental Sales Agent | Paredes,,scraped,2026-07-07T01:56:48.865426,
4290176f0d524211,https://pt.linkedin.com/jobs/view/desenhador-at-valart-4436954774,Desenhador,,scraped,2026-07-07T01:57:26.079968,
458506463883795e,https://pt.linkedin.com/jobs/view/consultor-imobili%C3%A1rio-forma%C3%A7%C3%A3o-gratuita-at-re-max-%2B-grupo-vantagem-4434991237,Consultor Imobiliário | Formação Gratuita,,scraped,2026-07-07T01:57:33.407963,
974fc800b7f2723f,https://pt.linkedin.com/jobs/view/comercial-em-apoio-ao-armaz%C3%A9m-at-celgarve-s-a-distribuidor-profissional-b2b-4436703218,Comercial em Apoio ao Armazém,,scraped,2026-07-07T01:57:40.768937,
51e6177d4ff458c6,https://pt.linkedin.com/jobs/view/mechanical-buyer-cost-analyst-at-visteon-corporation-4417156514,Mechanical buyer & Cost Analyst,,scraped,2026-07-07T01:57:48.799560,
72f73537208b7b26,https://pt.linkedin.com/jobs/view/mediador-de-seguros-at-ds-grupo-liberdade-4436316504,Mediador de Seguros,DS GRUPO LIBERDADE,posted,2026-07-07T01:58:41.442845,83
1d72761d9df4e25e,https://pt.linkedin.com/jobs/view/solicitador-at-atlean-world-4436230141,Solicitador,,scraped,2026-07-07T01:58:44.042238,
eea59a60c0c62e2f,https://pt.linkedin.com/jobs/view/italian-speaking-content-moderator-on-site-at-ignite-4436066266,Italian Speaking Content Moderator (on-site),Ignite,posted,2026-07-07T01:59:11.572504,85
e2426b8b8c67482b,https://pt.linkedin.com/jobs/view/corporate-travel-consultant-at-wide-travel-and-events-corporate-mice-4437151856,Corporate Travel Consultant,,scraped,2026-07-07T01:59:14.282197,
ca3c5edd17de39fe,https://pt.linkedin.com/jobs/view/operational-resilience-officer-at-axa-group-operations-4409069570,Operational Resilience Officer,AXA Group Operations,posted,2026-07-07T02:00:03.158241,87
6c4a3ea36af13b7d,https://pt.linkedin.com/jobs/view/database-administrator-at-aubay-portugal-4436397066,Database Administrator,,scraped,2026-07-07T02:00:05.772203,
59c1f4a38bc255ff,https://pt.linkedin.com/jobs/view/agente-de-call-center-energia-at-comparaj%C3%A1-pt-4436745301,Agente de Call Center | Energia,,scraped,2026-07-07T02:00:12.450477,
5dd0cd63323f6a59,https://pt.linkedin.com/jobs/view/operador-de-comp%C3%B3sitos-%E2%80%93-%C3%A1rea-n%C3%A1utica-aveiro-at-grupo-serlima-4435126050,Operador De Compósitos – Área Náutica | Aveiro,,scraped,2026-07-07T02:00:19.899590,
b0931a6bcfb3ea9c,https://pt.linkedin.com/jobs/view/administrativo-de-log%C3%ADstica-agualva-cac%C3%A9m-at-grupo-serlima-4436347186,"Administrativo De Logística _ Agualva, Cacém",,scraped,2026-07-07T02:00:26.735179,
fc24ad359123e5cf,https://pt.linkedin.com/jobs/view/marketing-digital-customer-experience-est%C3%A1gio-profissional-iefp-at-mcdonald-s-4431214889,Marketing Digital & Customer Experience | Estágio Profissional IEFP,McDonald's,posted,2026-07-07T02:01:05.933787,89
f82f5d049266960c,https://pt.linkedin.com/jobs/view/waiter-at-neptune-commune-4436113813,Waiter,,scraped,2026-07-07T02:01:08.477579,
d13963fe14a39767,https://pt.linkedin.com/jobs/view/publicidade-e-estrat%C3%A9gia-de-comunica%C3%A7%C3%A3o-at-antena-web-grupo-de-comunica%C3%A7%C3%A3o-4435164729,publicidade e estratégia de comunicação,,scraped,2026-07-07T02:01:15.722150,
9d72704ca8e0e38c,https://pt.linkedin.com/jobs/view/business-analyst-at-kcs-it-4435073640,Business Analyst,,scraped,2026-07-07T02:01:22.674222,
379c0d274f774729,https://pt.linkedin.com/jobs/view/assistente-de-atendimento-ao-cliente-%E2%80%93-albufeira-at-synchro-by-egor-4431904364,Assistente de atendimento ao cliente – Albufeira,,scraped,2026-07-07T02:01:29.815630,
e363583ea6362afb,https://pt.linkedin.com/jobs/view/freelance-web-designer-at-mindrift-4436707119,Freelance Web Designer,,scraped,2026-07-07T02:02:16.693513,
a22198346caa4bd0,https://pt.linkedin.com/jobs/view/respons%C3%A1vel-de-qualidade-de-produto-at-adecco-permanent-recruitment-4433966037,Responsável de Qualidade de Produto,,scraped,2026-07-07T02:02:54.516984,
089282c2fc8db4cd,https://pt.linkedin.com/jobs/view/melia-set%C3%BAbal-est%C3%A1-a-recrutar-empregada-de-andares-m-f-at-hoti-hoteis-4435489425,Melia Setúbal está a recrutar Empregada de Andares (M/F),HOTI HOTEIS,posted,2026-07-07T02:03:10.813565,91
affc84fed9998828,https://pt.linkedin.com/jobs/view/business-development-specialists-comparaj%C3%A1-at-comparaj%C3%A1-pt-4436930106,Business Development Specialists - ComparaJá,,scraped,2026-07-07T02:03:13.577520,
9ca6f7165e9f1bfc,https://pt.linkedin.com/jobs/view/operador-a-de-loja-at-action-4436095066,Operador/a de loja,,scraped,2026-07-07T02:03:20.931689,
b7c4a0b2ea2374bf,https://pt.linkedin.com/jobs/view/maintenance-at-marriott-international-4434612007,Maintenance,Marriott International,posted,2026-07-07T02:03:45.311812,93
f164a7fb73a29ef9,https://pt.linkedin.com/jobs/view/maintenance-at-marriott-international-4434609261,Maintenance,Marriott International,scraped,2026-07-07T02:03:59.170341,
6c22321b303feff0,https://pt.linkedin.com/jobs/view/chefe-de-sec%C3%A7%C3%A3o-portim%C3%A3o-at-adecco-permanent-recruitment-4433190820,Chefe de Secção | Portimão,,scraped,2026-07-07T02:04:01.882133,
37956763efdaa21f,https://pt.linkedin.com/jobs/view/russian-speaking-translator-remote-in-portugal-at-ignite-4436211439,Russian Speaking Translator (Remote in Portugal),Ignite,posted,2026-07-07T02:04:32.730840,95
1a49b5938b9a413b,https://pt.linkedin.com/jobs/view/maintenance-at-marriott-international-4434399819,Maintenance,Marriott International,scraped,2026-07-07T02:04:40.264143,
b02e3a9d86b72d2d,https://pt.linkedin.com/jobs/view/maintenance-at-marriott-international-4434612009,Maintenance,Marriott International,scraped,2026-07-07T02:05:23.199873,
e6d02b37532d898e,https://pt.linkedin.com/jobs/view/project-manager-at-primeit-4432960915,Project Manager,,scraped,2026-07-07T02:05:25.940272,
b37f91a4f63a9667,https://pt.linkedin.com/jobs/view/engenheiro-coordenador-de-obra-at-arneg-portuguesa-4425306386,Engenheiro - Coordenador de Obra,Arneg Portuguesa,posted,2026-07-07T02:05:43.402009,97
e56822589c0685f7,https://pt.linkedin.com/jobs/view/engenheiro-civil-gest%C3%A3o-de-obras-e-or%C3%A7amenta%C3%A7%C3%A3o-at-toscca-4435596380,Engenheiro Civil: Gestão De Obras E Orçamentação,,scraped,2026-07-07T02:05:46.147175,
5683101aacfeb2a7,https://pt.linkedin.com/jobs/view/service-management-officer-at-lcg-4434980494,Service Management Officer,LCG,posted,2026-07-07T02:06:08.188638,99
342e1e72081d6881,https://pt.linkedin.com/jobs/view/ajudante-de-canalizador-leiria-at-grupo-serlima-4437110015,Ajudante De Canalizador - Leiria,,scraped,2026-07-07T02:06:10.983656,
254c28a91b36e693,https://pt.linkedin.com/jobs/view/moon-sun-lisboa-empregado-de-andares-m-f-at-moon-sun-4435439353,Moon & Sun Lisboa | Empregado de Andares (M/F),,scraped,2026-07-07T02:06:17.676205,
d737c099888dbdf4,https://pt.linkedin.com/jobs/view/secret%C3%A1rio-a-laborat%C3%B3rio-de-manipulados-tempo-inteiro-at-farm%C3%A1cias-cuido-4432771443,Secretário(a) | Laboratório de Manipulados | Tempo Inteiro,,scraped,2026-07-07T02:06:25.415598,
b37cd2cbb9609285,https://pt.linkedin.com/jobs/view/fiscalidade-at-oliveira-reis-associados-sroc-lda-4436750199,Fiscalidade,,scraped,2026-07-07T02:06:32.510626,
99448eebf1b6bae4,https://pt.linkedin.com/jobs/view/consultor-comercial-de-educa%C3%A7%C3%A3o-e-forma%C3%A7%C3%A3o-aveiro-at-sa-forma%C3%A7%C3%A3o-4436112149,Consultor/Comercial de Educação e Formação Aveiro,,scraped,2026-07-07T02:06:39.228120,
1d80d597dfd3b83b,https://pt.linkedin.com/jobs/view/vendedor-especializado-at-delta-caf%C3%A9s-4432387947,Vendedor Especializado,,scraped,2026-07-07T02:06:46.397719,
266bc83edf92f6ec,https://pt.linkedin.com/jobs/view/guest-relations-officer-por-at-celebrity-cruises-4432788500,Guest Relations Officer - POR,,scraped,2026-07-07T02:06:53.319863,
f6f39b0c9725273b,https://pt.linkedin.com/jobs/view/talent-acquisition-specialist-at-devoteam-4435473306,Talent Acquisition Specialist,Devoteam,posted,2026-07-07T02:07:48.391525,81
e5dbc58f23fdab47,https://pt.linkedin.com/jobs/view/pwc-s-academy-trainee-at-pwc-portugal-4417721911,PwC's Academy Trainee,,scraped,2026-07-07T02:07:51.104626,
c50fc7e26334cf41,https://pt.linkedin.com/jobs/view/product-owner-at-irium-portugal-4436405428,PRODUCT OWNER,,scraped,2026-07-07T02:07:58.927900,
33966a761c9098ff,https://pt.linkedin.com/jobs/view/business-analyst-at-decskill-4433197263,Business Analyst,,scraped,2026-07-07T02:08:05.387228,
668bf6a2f976c3b3,https://pt.linkedin.com/jobs/view/business-analyst-at-inetum-4417090506,Business Analyst,,scraped,2026-07-07T02:08:14.635452,
4bef2f57f9556f56,https://pt.linkedin.com/jobs/view/consultor-a-de-projetos-de-investimento-m-f-maia-regime-h%C3%ADbrido-at-new-business-consulting-4436948524,Consultor(A) De Projetos De Investimento (M/F) Maia | Regime Híbrido,,scraped,2026-07-07T02:08:21.285969,
1ff8abfe9dca2f6a,https://pt.linkedin.com/jobs/view/client-advisor-at-longchamp-4434986363,Client Advisor,,scraped,2026-07-07T02:08:29.588546,
0960e3078d57c3fa,https://pt.linkedin.com/jobs/view/senior-manager-technical-program-management-at-jobgether-4435424840,Senior Manager - Technical Program Management,,scraped,2026-07-07T02:08:37.476910,
366007b44f4cacb3,https://pt.linkedin.com/jobs/view/empregado-de-mesa-pnb-cascais-at-grupo-non-basta-4432784131,Empregado de Mesa PNB Cascais,,scraped,2026-07-07T02:08:44.094062,
b83b0d9e351bdd73,https://pt.linkedin.com/jobs/view/product-owner-loyalty-customer-data-at-noesis-4436368131,Product Owner (Loyalty & Customer Data),,scraped,2026-07-07T02:08:51.111519,
7e6979d309192269,https://pt.linkedin.com/jobs/view/growth-lead-portugal-at-wanderer-4433948922,Growth Lead Portugal,,scraped,2026-07-07T02:09:00.006864,
a24cc32bbf5f4dca,https://pt.linkedin.com/jobs/view/cozinheiro-de-1%C2%BA-m-f-at-terra%C3%A7o-da-alta-4436254774,Cozinheiro de 1º M/F,,scraped,2026-07-07T02:09:14.745179,
324ec2c8160deef3,https://pt.linkedin.com/jobs/view/brand-builder-m-f-%C3%A9vora-at-herdade-da-malhadinha-nova-relais-ch%C3%A2teaux-4435452079,Brand Builder (m/f) - Évora,,scraped,2026-07-07T02:09:20.991318,
7d8627d0d775f392,https://pt.linkedin.com/jobs/view/chefe-de-armaz%C3%A9m-at-rs-paper-lda-4435548411,Chefe de Armazém,,scraped,2026-07-07T02:09:28.665820,
3f1818e21522624c,https://pt.linkedin.com/jobs/view/cook-staff-canteen-at-four-seasons-4399408251,Cook - Staff Canteen,Four Seasons,posted,2026-07-07T02:09:57.141709,101
113ec3f26ef0ba80,https://pt.linkedin.com/jobs/view/hris-analyst-at-grafton-recruitment-4435068010,HRIS Analyst,,scraped,2026-07-07T02:09:59.968592,
aed79491b7bef583,https://pt.linkedin.com/jobs/view/empregado-de-mesa-2%C2%AA-m-f-octant-%C3%A9vora-at-discovery-hotel-management-4435274496,Empregado de Mesa 2ª (M/F) - Octant Évora,,scraped,2026-07-07T02:10:07.822246,
0f3e695f6ad0151c,https://pt.linkedin.com/jobs/view/growth-lead-at-solidgate-4433110293,Growth Lead,,scraped,2026-07-07T02:10:15.366261,
87ed9eabd44a6a15,https://pt.linkedin.com/jobs/view/guest-services-officer-at-royal-caribbean-group-4434606548,Guest Services Officer,,scraped,2026-07-07T02:10:41.781865,
f180d0ad32a3c8c4,https://pt.linkedin.com/jobs/view/junior-qa-automation-engineer-at-alongside-4436724242,Junior QA Automation Engineer,,scraped,2026-07-07T02:10:49.137034,
112cc39277b0f7a5,https://pt.linkedin.com/jobs/view/gestor-de-neg%C3%B3cios-entrada-imediata-at-amplespa%C3%A7o-media%C3%A7%C3%A3o-imobili%C3%A1ria-lda-4434949684,Gestor de Negócios | Entrada Imediata,"Amplespaço Mediação Imobiliária, Lda.",posted,2026-07-07T02:11:39.477429,103
4907316704d14688,https://pt.linkedin.com/jobs/view/agente-de-apoio-ao-cliente-%E2%80%93-mude-se-para-atenas-at-savior-artigos-texteis-lda-4435408148,Agente de Apoio ao Cliente – Mude-se para Atenas,,scraped,2026-07-07T02:11:42.122693,
8f8c60f41276dc4a,https://pt.linkedin.com/jobs/view/agente-de-apoio-ao-cliente-%E2%80%93-mude-se-para-atenas-at-savior-artigos-texteis-lda-4435401443,Agente de Apoio ao Cliente – Mude-se para Atenas,,scraped,2026-07-07T02:11:51.884918,
c03cf87663b8f151,https://pt.linkedin.com/jobs/view/agente-de-apoio-ao-cliente-%E2%80%93-mude-se-para-atenas-at-savior-artigos-texteis-lda-4435297636,Agente de Apoio ao Cliente – Mude-se para Atenas,,scraped,2026-07-07T02:12:00.588701,
1d813a2ddf819e09,https://pt.linkedin.com/jobs/view/agente-de-apoio-ao-cliente-%E2%80%93-mude-se-para-atenas-at-savior-artigos-texteis-lda-4435295750,Agente de Apoio ao Cliente – Mude-se para Atenas,,scraped,2026-07-07T02:12:08.984750,
739644d8fa5f5c54,https://pt.linkedin.com/jobs/view/agente-de-apoio-ao-cliente-%E2%80%93-mude-se-para-atenas-at-savior-artigos-texteis-lda-4435405218,Agente de Apoio ao Cliente – Mude-se para Atenas,,scraped,2026-07-07T02:12:17.451591,
294f96ef40d3b9cd,https://pt.linkedin.com/jobs/view/agente-de-apoio-ao-cliente-%E2%80%93-mude-se-para-atenas-at-savior-artigos-texteis-lda-4435291785,Agente de Apoio ao Cliente – Mude-se para Atenas,,scraped,2026-07-07T02:12:25.479537,
5b6ae66bb56d75db,https://pt.linkedin.com/jobs/view/business-analyst-at-we-are-meta-4436743473,Business Analyst,,scraped,2026-07-07T02:12:33.714098,
cbbc522ca9b7a196,https://pt.linkedin.com/jobs/view/arquiteto-at-irium-portugal-4435119233,Arquiteto,,scraped,2026-07-07T02:13:46.810159,
61f5d02abb9bef92,https://pt.linkedin.com/jobs/view/recepcionista-de-front-office-alojamento-local-crescimento-at-bed-and-sun-4436331967,Recepcionista De Front Office - Alojamento Local | Crescimento,,scraped,2026-07-07T02:13:53.572404,
1758f07d28d10c3f,https://pt.linkedin.com/jobs/view/document-controller-at-capgemini-engineering-4431943626,Document Controller,,scraped,2026-07-07T02:14:01.249887,
e0f74d2d8e576026,https://pt.linkedin.com/jobs/view/senior-business-development-representative-at-docker-inc-4436409749,Senior Business Development Representative,,scraped,2026-07-07T02:14:07.962443,
8e068d1698cb7b3d,https://pt.linkedin.com/jobs/view/application-development-consultant-software-developer-at-wire-it-4435403353,Application Development Consultant / Software Developer,,scraped,2026-07-07T02:14:33.581150,
16e892d486fec603,https://pt.linkedin.com/jobs/view/seeq-platform-owner-at-syensqo-4416688193,Seeq Platform Owner,Syensqo,posted,2026-07-07T02:14:51.789110,105
557f4d9f66f12407,https://pt.linkedin.com/jobs/view/ap-specialist-m-f-d-at-bruker-4417736964,AP Specialist (m/f/d),,scraped,2026-07-07T02:14:54.628511,
3ea81a4c3bef601a,https://pt.linkedin.com/jobs/view/vendedor-a-full-time-at-leroy-merlin-4436497428,Vendedor/a - Full-time,,scraped,2026-07-07T02:15:09.700413,
c76e703cdddb7566,https://pt.linkedin.com/jobs/view/compensation-benefits-manager-at-experis-portugal-4436314452,Compensation & Benefits Manager,,scraped,2026-07-07T02:16:20.744865,
c0e4b96937c7dec1,https://pt.linkedin.com/jobs/view/hotel-director-at-vila-gal%C3%A9-hot%C3%A9is-4433125141,Hotel Director,,scraped,2026-07-07T02:16:28.278304,
b842e192b6288342,https://pt.linkedin.com/jobs/view/data-engineer-at-hn-services-portugal-4433965380,Data Engineer,HN Services Portugal,posted,2026-07-07T02:16:50.893821,107
359909327a385d37,https://pt.linkedin.com/jobs/view/junior-access-manager-hybrid-at-itrtech-group-4433997422,JUNIOR ACCESS MANAGER (HYBRID),,scraped,2026-07-07T02:16:53.595192,
cccdcb75e3c80a27,https://pt.linkedin.com/jobs/view/pt-monitor-de-sala-novo-physical-s%C3%A3o-jo%C3%A3o-da-madeira-at-physical-4435439351,PT/ Monitor de Sala - Novo Physical São João da Madeira,,scraped,2026-07-07T02:17:00.335517,
6e050b1a14411e8b,https://pt.linkedin.com/jobs/view/treasury-specialist-at-wireco-4433964574,Treasury Specialist,,scraped,2026-07-07T02:17:07.927928,
7e96af8049f1fabf,https://pt.linkedin.com/jobs/view/database-architect-at-itds-4433182810,Database Architect,,scraped,2026-07-07T02:17:15.359854,
8bfdb5d8837fa28b,https://pt.linkedin.com/jobs/view/gest%C3%A3o-de-pacientes-oralmed-leiria-at-oralmed-sa%C3%BAde-4429877581,Gestão de Pacientes | OralMED Leiria,,scraped,2026-07-07T02:17:23.155473,
f987f4135aefc4b1,https://pt.linkedin.com/jobs/view/receptionist-at-silversea-4432798110,Receptionist,,scraped,2026-07-07T02:17:29.966813,
6388daaeda004d01,https://pt.linkedin.com/jobs/view/rfq-project-buyer-f-m-div-at-keenfinity-group-4436764957,RFQ & Project Buyer (f/m/div.),,scraped,2026-07-07T02:18:08.026892,
eef9e11421a63f69,https://pt.linkedin.com/jobs/view/t%C3%A9cnico-de-armaz%C3%A9m-m-f-at-cjr-renewables-4425834568,Técnico de Armazém (m/f),,scraped,2026-07-07T02:18:16.035172,
e3b34985a8bd1dfc,https://pt.linkedin.com/jobs/view/promotor-a-whs-horeca-bacardi-portugal-at-sociprime-field-merchandising-s-a-4436221495,Promotor(a) WHS / Horeca - Bacardi Portugal,,scraped,2026-07-07T02:18:25.654404,
0d7720c7fab58009,https://pt.linkedin.com/jobs/view/%F0%9F%93%A3estamos-a-recrutar-l-gestor-a-de-associados-at-anf-associa%C3%A7%C3%A3o-nacional-das-farm%C3%A1cias-4436100491,📣Estamos a Recrutar l Gestor/a de Associados,,scraped,2026-07-07T02:18:33.736103,
951239146fa4ce9b,https://pt.linkedin.com/jobs/view/controller-m-f-at-j-j-louro-pereira-4436490784,Controller (M/F),J. J. Louro Pereira,posted,2026-07-07T02:19:28.222411,109
e62e2c4804668b74,https://pt.linkedin.com/jobs/view/quality-environment-and-safety-administrator-at-stet-sa-4387754193,"Quality, Environment and Safety Administrator",,scraped,2026-07-07T02:19:31.006799,
92786807454958c9,https://pt.linkedin.com/jobs/view/openshift-specialist-at-dellent-4436336828,OpenShift Specialist,,scraped,2026-07-07T02:19:41.443019,
a0a799cc9dbf349c,https://pt.linkedin.com/jobs/view/empregado-de-mesa-2-%C2%AA-m-f-at-portobay-hotels-resorts-4436098242,Empregado de Mesa 2.ª (m/f),,scraped,2026-07-07T02:19:48.534378,
fad4fc5a1d70ec1d,https://pt.linkedin.com/jobs/view/%F0%9F%92%BB-fullstack-developer-react-%2B-node-js-coimbra-m-f-at-sysmatch-4436772593,💻 Fullstack Developer (React + Node.js) - (Coimbra) - (M/F),,scraped,2026-07-07T02:19:57.935185,
409505f1987440e1,https://pt.linkedin.com/jobs/view/auditor-noturno-at-ga-palace-hotel-4437106738,Auditor noturno,,scraped,2026-07-07T02:20:04.662403,
8b1f85d35de72787,https://pt.linkedin.com/jobs/view/ibm-apptio-professional-at-deloitte-4378651808,IBM Apptio Professional,Deloitte,posted,2026-07-07T02:21:25.698701,111
0052e56aca02c14f,https://pt.linkedin.com/jobs/view/contract-management-specialist-at-sonae-sierra-4435834081,Contract Management Specialist,Sonae Sierra,posted,2026-07-07T02:23:16.530827,113
a2d66c423ddbfb1c,https://pt.linkedin.com/jobs/view/especialista-dynamics-at-irium-portugal-4435446207,ESPECIALISTA DYNAMICS,,scraped,2026-07-07T02:23:19.328546,
c4d5568c54c70bfb,https://pt.linkedin.com/jobs/view/guia-de-enoturismo-at-randstad-4433706087,Guia de Enoturismo,,scraped,2026-07-07T02:23:25.830344,
414327edf9852acf,https://pt.linkedin.com/jobs/view/rpa-developer-at-adentis-portugal-4435445743,RPA Developer,,scraped,2026-07-07T02:23:32.608378,
e861de0895dd4c3f,https://pt.linkedin.com/jobs/view/consultor-comercial-m-f-at-zone-fitness-4436738875,Consultor Comercial (M/F),,scraped,2026-07-07T02:24:43.171472,
9a59a7d666a82e59,https://pt.linkedin.com/jobs/view/night-auditor-m-f-sublime-comporta-at-sublime-curated-hospitality-4431671749,Night Auditor (M/F) - Sublime Comporta,,scraped,2026-07-07T02:24:50.088011,
51ad93b098b8ccfe,https://pt.linkedin.com/jobs/view/global-share-plans-admin-systems-integration-specialist-at-siemens-energy-4425865357,Global Share Plans Admin & Systems Integration Specialist,,scraped,2026-07-07T02:24:58.779743,
f73a46ee6493722b,https://pt.linkedin.com/jobs/view/f-b-supervisor-at-the-social-hub-b-corp%E2%84%A2-4405289848,F&B Supervisor,,scraped,2026-07-07T02:25:11.329563,
e4d39aea2e6f3d96,https://pt.linkedin.com/jobs/view/consultor-independente-at-century-21-bynunes-4437136920,Consultor independente,,scraped,2026-07-07T02:25:18.027630,
8a5efff9c299aa0e,https://pt.linkedin.com/jobs/view/ai-solutions-builder-at-smartcat-4419302987,AI Solutions Builder,,scraped,2026-07-07T02:25:25.368773,
50d3a0c575a3d038,https://pt.linkedin.com/jobs/view/workday-solutions-specialist-m-f-d-at-sixt-4368870424,Workday Solutions Specialist (m/f/d),,scraped,2026-07-07T02:26:07.502565,
7c1d36f0ee97c7a7,https://pt.linkedin.com/jobs/view/sap-abap-developer-at-innotech-4422370528,SAP ABAP Developer,,scraped,2026-07-07T02:26:14.324834,
52553d221bfaa5ad,https://pt.linkedin.com/jobs/view/t%C3%A9cnico-de-manuten%C3%A7%C3%A3o-de-equipamentos-at-restaurante-do-forte-4436431198,Técnico de manutenção de equipamentos,Restaurante Do Forte,posted,2026-07-07T02:26:33.975710,115
6b7dbc09a2f27414,https://pt.linkedin.com/jobs/view/assistente-administrativo-a-ctb-f-m-p-cliente-entroncamento-at-uwu-solutions-4436727732,Assistente Administrativo/A Ctb (F/M) P/ Cliente (Entroncamento),,scraped,2026-07-07T02:26:36.601519,
d5ac90a430ab79a3,https://pt.linkedin.com/jobs/view/estagi%C3%A1rio-data-analytics-at-portway-handling-de-portugal-s-a-4435066011,Estagiário Data Analytics,,scraped,2026-07-07T02:26:43.367433,
e9f66f362e9b0800,https://pt.linkedin.com/jobs/view/business-analyst-at-act-digital-4435433280,Business Analyst,,scraped,2026-07-07T02:26:51.327508,
6205271a3e5cb29f,https://pt.linkedin.com/jobs/view/italian-content-moderator-in-porto-at-blueview-talent-4434390654,Italian Content Moderator in Porto,BlueView Talent,posted,2026-07-07T02:27:05.254571,51
208ce3d207f712ef,https://pt.linkedin.com/jobs/view/guest-services-manager-at-royal-caribbean-group-4434603681,Guest Services Manager,Royal Caribbean Group,posted,2026-07-07T02:27:15.596689,117
b8e5dff2ca08cc2d,https://pt.linkedin.com/jobs/view/onboarding-enablement-specialist-at-jobgether-4435046640,Onboarding Enablement Specialist,,scraped,2026-07-07T02:27:18.255582,
b1b1bbe836bb4fad,https://pt.linkedin.com/jobs/view/business-analyst-at-innotech-4422413396,Business Analyst,,scraped,2026-07-07T02:27:24.965963,
35da3cf973959e15,https://pt.linkedin.com/jobs/view/government-policy-consultant-remote-at-yo-it-consulting-4435022391,Government Policy Consultant - Remote,,scraped,2026-07-07T02:27:32.102357,
0c00dc4ca321f55c,https://pt.linkedin.com/jobs/view/esl-instructor-ai-trainer-at-dataannotation-4304448236,ESL Instructor - AI Trainer,DataAnnotation,posted,2026-07-07T02:27:43.993549,119
f3f6a0571875e176,https://pt.linkedin.com/jobs/view/%F0%9F%93%8A-junior-derivatives-valuation-pricing-analyst-operations-at-exalt-fi-4435470572,📊 Junior Derivatives Valuation & Pricing Analyst (Operations),eXalt-Fi,posted,2026-07-07T02:27:55.356835,121
fc77e8fa07c8dc86,https://pt.linkedin.com/jobs/view/talent-acquisition-associate-at-knokcare-4435184712,Talent Acquisition Associate,,scraped,2026-07-07T02:27:58.006061,
18bceaad7a8597d6,https://pt.linkedin.com/jobs/view/front-office-agent-at-hyatt-regency-lisbon-4437180873,Front Office Agent,Hyatt Regency Lisboa,posted,2026-07-07T02:28:14.756607,123
ac7b4df989655693,https://pt.linkedin.com/jobs/view/coordenador-a-comercial-faro-at-grupo-timing-4437458779,Coordenador(a) Comercial (FARO),Grupo Timing,posted,2026-07-07T02:28:27.245243,125
fdad73eec6973529,https://pt.linkedin.com/jobs/view/student-marketeer-aveiro-at-red-bull-4295001454,Student Marketeer - Aveiro,,scraped,2026-07-07T02:28:30.004065,
c2735cac3fb3e143,https://pt.linkedin.com/jobs/view/diretor-a-de-obra-%E2%80%93-redes-de-distribui%C3%A7%C3%A3o-de-energia-bt-mt-at-sul-at-omninstal-4434998939,Diretor(A) De Obra – Redes De Distribuição De Energia (Bt/Mt/At) - Sul,,scraped,2026-07-07T02:28:36.846535,
8c99c382c0c80745,https://pt.linkedin.com/jobs/view/t%C3%A9cnico-a-de-farm%C3%A1cia-farm%C3%A1cia-carnaxide-tempo-parcial-at-farm%C3%A1cias-cuido-4432388953,Técnico(a) de Farmácia | Farmácia Carnaxide | Tempo Parcial,,scraped,2026-07-07T02:28:44.944158,
88d1f29a067f45ee,https://pt.linkedin.com/jobs/view/data-analyst-product-at-revolut-4318389377,Data Analyst (Product),,scraped,2026-07-07T02:28:51.937148,
f060fcb325dd0dfa,https://pt.linkedin.com/jobs/view/junior-engineer-data-scientist-%E2%80%93-first-professional-role-at-fraudio-4434993104,Junior Engineer / Data Scientist – First Professional Role,,scraped,2026-07-07T02:28:58.839719,
e2a50c14b0934f26,https://pt.linkedin.com/jobs/view/respons%C3%A1vel-de-m%C3%A9todos-at-luza-group-4435400515,Responsável de Métodos,,scraped,2026-07-07T02:29:05.612312,
11a07261bb9a6958,https://pt.linkedin.com/jobs/view/gestor-de-contratos-de-manuten%C3%A7%C3%A3o-at-electromatic-port%C3%B5es-e-automatismos-4436947567,Gestor De Contratos De Manutenção,,scraped,2026-07-07T02:29:12.758217,
fa39842570f81120,https://pt.linkedin.com/jobs/view/pmo-escrit%C3%B3rio-de-projetos-at-migso-pcubed-4432374451,PMO (Escritório de projetos),MIGSO-PCUBED,posted,2026-07-07T02:29:30.304207,127
96eba15737a6e52b,https://pt.linkedin.com/jobs/view/controller-financial-analyst-at-egor-4436751814,Controller & Financial Analyst,,scraped,2026-07-07T02:29:33.023512,
ed252f9413619e84,https://pt.linkedin.com/jobs/view/agente-de-apoio-ao-cliente-%E2%80%93-mude-se-para-atenas-at-savior-artigos-texteis-lda-4435293797,Agente de Apoio ao Cliente – Mude-se para Atenas,,scraped,2026-07-07T02:29:39.497530,
52e2837efa10ccd7,https://pt.linkedin.com/jobs/view/agente-de-apoio-ao-cliente-%E2%80%93-mude-se-para-atenas-at-savior-artigos-texteis-lda-4435408131,Agente de Apoio ao Cliente – Mude-se para Atenas,,scraped,2026-07-07T02:29:48.681044,
24d8d7df013bde75,https://pt.linkedin.com/jobs/view/talent-acquisition-at-primeit-4433701704,Talent Acquisition,,scraped,2026-07-07T02:31:01.308641,
d0a4146748cffcc9,https://pt.linkedin.com/jobs/view/business-analyst-at-primeit-4424899105,Business Analyst,,scraped,2026-07-07T02:31:10.180511,
614f0864f9d34612,https://pt.linkedin.com/jobs/view/t%C3%A9cnico-a-de-contabilidade-at-synchro-by-egor-4435216704,Técnico(a) de Contabilidade,,scraped,2026-07-07T02:31:17.959723,
9d0446a1461e3eb8,https://pt.linkedin.com/jobs/view/coordenador-de-equipa-de-produ%C3%A7%C3%A3o-perfil-j%C3%BAnior-aeroporto-de-lisboa-m-f-at-newrest-4432343938,Coordenador de Equipa de Produção (Perfil Júnior) - Aeroporto de Lisboa (m/f),,scraped,2026-07-07T02:31:25.306276,
d032c8ceb9abe282,https://pt.linkedin.com/jobs/view/controller-de-gest%C3%A3o-financeiro-leiria-presencial-at-acca-careers-4436940483,Controller de Gestão & Financeiro - Leiria (Presencial),,scraped,2026-07-07T02:31:32.865064,
d9d48632237fb4bf,https://pt.linkedin.com/jobs/view/it-support-technician-at-capitole-4433929636,IT Support Technician,Capitole,posted,2026-07-07T02:32:16.803805,129
adc981083eb67ce6,https://pt.linkedin.com/jobs/view/operador-de-armaz%C3%A9m-turno-noturno-pombal-at-grupo-serlima-4435113772,Operador De Armazém Turno Noturno - Pombal,,scraped,2026-07-07T02:32:19.420530,
d2ec4cd708fbc6b9,https://pt.linkedin.com/jobs/view/language-specialist-remote-at-crossing-hurdles-4425802410,Language Specialist | Remote,,scraped,2026-07-07T02:32:26.278844,
67cb54bc8d0ff4b0,https://pt.linkedin.com/jobs/view/oferta-de-emprego-gestor-de-clientes-empresariais-telecomunica%C3%A7%C3%B5es-zona-norte-at-gizz-lda-4434964492,Oferta de emprego: Gestor de clientes empresariais - telecomunicações (Zona Norte),,scraped,2026-07-07T02:32:44.613290,
8e334e6274308c68,https://pt.linkedin.com/jobs/view/gestor-a-de-obra-remodela%C3%A7%C3%B5es-at-aqui-a-tua-remodela%C3%A7%C3%A3o-4431921324,Gestor(a) de Obra - Remodelações,,scraped,2026-07-07T02:33:55.773369,
5d48828974ced26a,https://pt.linkedin.com/jobs/view/or%C3%A7amentista-j%C3%BAnior-at-grupo-sotecnisol-4435592444,Orçamentista Júnior,,scraped,2026-07-07T02:34:02.560975,
ae27ec3cf6dad2e4,https://pt.linkedin.com/jobs/view/operador-a-de-armaz%C3%A9m-carnaxide-at-botelho-rodrigues-4436086677,Operador/a de armazém - Carnaxide,,scraped,2026-07-07T02:34:15.707013,
0c91de5d971547f9,https://pt.linkedin.com/jobs/view/business-compliance-manager-retail-at-revolut-4435474271,Business Compliance Manager (Retail),,scraped,2026-07-07T02:34:22.607588,
a57df28a78d85a10,https://pt.linkedin.com/jobs/view/agente-de-apoio-ao-cliente-%E2%80%93-mude-se-para-atenas-at-savior-artigos-texteis-lda-4435289792,Agente de Apoio ao Cliente – Mude-se para Atenas,,scraped,2026-07-07T02:35:33.082024,
a0227166177ba19f,https://pt.linkedin.com/jobs/view/project-manager-solar-utility-scale-bess-at-sisint-4434627561,Project Manager - Solar Utility  Scale & BESS,,scraped,2026-07-07T02:35:41.759769,
95559b3d2b50c4c5,https://pt.linkedin.com/jobs/view/operador-de-produ%C3%A7%C3%A3o-%C3%A1gueda-at-grupo-serlima-4435102884,Operador De Produção - Águeda,,scraped,2026-07-07T02:35:48.906862,
5644f7cf0cb2f2ae,https://pt.linkedin.com/jobs/view/sales-professional-m-f-%E2%80%93-coimbra-at-wondercom-4436258674,Sales Professional (M/F) – Coimbra,Wondercom,posted,2026-07-07T02:37:10.849047,131
935b8583d291b8be,https://pt.linkedin.com/jobs/view/ux-ui-designer-m-f-%E2%80%93-lisboa-regime-h%C3%ADbrido-at-redegal-4436707471,UX/UI Designer (M/F) – Lisboa (Regime Híbrido),,scraped,2026-07-07T02:37:13.643258,
0eb281021e00e7a8,https://pt.linkedin.com/jobs/view/rating-analyst-trainee-at-santander-portugal-4428127534,Rating Analyst Trainee,,scraped,2026-07-07T02:37:24.969949,
ef1dba566770cd81,https://pt.linkedin.com/jobs/view/personal-assistant-life-logistics-specialist-portugal-at-paco-services-4437175671,Personal Assistant / Life Logistics Specialist Portugal,,scraped,2026-07-07T02:37:31.558308,
448c11bd279a51a3,https://pt.linkedin.com/jobs/view/performance-marketing-intern-at-emma-%E2%80%93-the-sleep-company-4434653350,Performance Marketing Intern,,scraped,2026-07-07T02:38:42.291839,
198591d3512a0e79,https://pt.linkedin.com/jobs/view/presentation-designer-at-bnp-paribas-cib-4417332309,Presentation Designer,BNP Paribas CIB,posted,2026-07-07T02:39:33.205313,133
18152f17de1b41c3,https://pt.linkedin.com/jobs/view/operacional-de-exporta%C3%A7%C3%A3o-terrestre-m-f-at-torrestir-4434600233,Operacional de Exportação Terrestre (m/f),,scraped,2026-07-07T02:39:35.919032,
bc58b43ca2822d2f,https://pt.linkedin.com/jobs/view/project-manager-at-codsec-4435152496,Project Manager,,scraped,2026-07-07T02:39:44.014404,
b78609c11b248559,https://pt.linkedin.com/jobs/view/events-logistics-planner-at-central-de-cervejas-e-bebidas-4435222839,Events Logistics Planner,,scraped,2026-07-07T02:39:50.870918,
552095f43076b54f,https://pt.linkedin.com/jobs/view/mechanic-at-astara-4435116303,Mechanic,Astara,posted,2026-07-07T02:40:45.194644,135
a0cc28c0dab083fb,https://pt.linkedin.com/jobs/view/gar%C3%A7om-at-restaurante-o-finalmente-4436964147,Garçom,,scraped,2026-07-07T02:40:48.004267,
d886b946971f4057,https://pt.linkedin.com/jobs/view/senior-product-manager-%E2%80%93-space-at-critical-software-4437412777,Senior Product Manager – Space,,scraped,2026-07-07T02:40:55.216428,
426619cc80803b66,https://pt.linkedin.com/jobs/view/release-manager-at-aubay-portugal-4436394237,Release Manager,,scraped,2026-07-07T02:41:02.808274,
f6bd5c8029c6ac00,https://pt.linkedin.com/jobs/view/data-engineer-at-hn-services-portugal-4408857618,Data Engineer,HN Services Portugal,posted,2026-07-07T02:41:20.281484,107
99115d2f317d517a,https://pt.linkedin.com/jobs/view/analista-de-administra%C3%A7%C3%A3o-finan%C3%A7as-e-pessoas-at-ordem-dos-contabilistas-certificados-4435583737,"Analista De Administração, Finanças E Pessoas",,scraped,2026-07-07T02:41:22.994680,
6ec77c0018c0bc1e,https://pt.linkedin.com/jobs/view/professor-at-mvp-academy-4435569751,Professor,,scraped,2026-07-07T02:41:30.434216,
569f36e5536f3973,https://pt.linkedin.com/jobs/view/t%C3%A9cnico-de-ort%C3%B3tica-m-f-at-cuf-hospitais-e-cl%C3%ADnicas-4434308815,Técnico de Ortótica (m/f),,scraped,2026-07-07T02:41:38.489393,
871cc1200d67a859,https://pt.linkedin.com/jobs/view/agrifood-technical-manager-m-f-d-at-hays-4436779029,Agrifood Technical Manager (m/f/d),,scraped,2026-07-07T02:42:49.956789,
0fa1683a99705033,https://pt.linkedin.com/jobs/view/customer-service-team-leader-at-nestl%C3%A9-4434996105,Customer Service Team Leader,Nestlé,posted,2026-07-07T02:43:06.760492,137
d9b8c5403c8121ac,https://pt.linkedin.com/jobs/view/gerente-de-loja-at-grupo-botic%C3%A1rio-4433180636,Gerente de loja,,scraped,2026-07-07T02:43:09.345127,
0f2e8d38c28880f7,https://pt.linkedin.com/jobs/view/oferta-recruta-se-formador-a-para-fund%C3%A3o-6579-cuidados-na-sa%C3%BAde-mental-at-muta%C3%A7%C3%A3o-consultoria-estudos-e-servi%C3%A7os-de-forma%C3%A7%C3%A3o-lda-4434952591,Oferta: Recruta-se Formador/a para Fundão - 6579 - Cuidados na Saúde Mental,,scraped,2026-07-07T02:43:16.327365,
6f45fab7fb5cca28,https://pt.linkedin.com/jobs/view/talent-acquisition-specialist-at-fyst-4435805531,Talent Acquisition Specialist,,scraped,2026-07-07T02:44:26.649149,
b7b1f50b38666776,https://pt.linkedin.com/jobs/view/key-account-manager-at-jobgether-4435447024,Key Account Manager,,scraped,2026-07-07T02:44:33.702004,
cdba89e3ad1e3de4,https://pt.linkedin.com/jobs/view/operating-principal-comparaja-at-comparaj%C3%A1-pt-4436922404,Operating Principal - ComparaJa,,scraped,2026-07-07T02:44:40.452205,
daef7b7396f68468,https://pt.linkedin.com/jobs/view/t%C3%A9cnico-a-de-ensaios-n%C3%A3o-destrutivos-end-%E2%80%93-set%C3%BAbal-sines-at-kiwa-portugal-4435574410,Técnico(a) de Ensaios Não Destrutivos (END) – Setúbal / Sines,,scraped,2026-07-07T02:44:47.931194,
a16545bf87d559b6,https://pt.linkedin.com/jobs/view/hotel-melia-lisboa-oriente-recruta-empregado-de-mesa-de-2%C2%AA-part-time-at-hoti-hoteis-4435492487,Hotel Melia Lisboa Oriente recruta Empregado de Mesa de 2ª | Part-time,HOTI HOTEIS,posted,2026-07-07T02:45:04.427205,139
a047b09ef9bbddd0,https://pt.linkedin.com/jobs/view/senior-business-analyst-at-agap2it-portugal-4436066997,Senior Business Analyst,,scraped,2026-07-07T02:45:07.165693,
ede4f7cbecff0821,https://pt.linkedin.com/jobs/view/motion-designer-at-revolut-4435465906,Motion Designer,,scraped,2026-07-07T02:45:14.069165,
b3a2e54002ca3e29,https://pt.linkedin.com/jobs/view/business-development-executive-at-unyx-ai-4435111885,Business Development Executive,,scraped,2026-07-07T02:45:20.954662,
78e24e9a8e34d96e,https://pt.linkedin.com/jobs/view/junior-banking-operations-september-start-at-inetum-4435822957,Junior Banking Operations - September Start,,scraped,2026-07-07T02:45:27.391528,
0699a9c7d7017369,https://pt.linkedin.com/jobs/view/it-recruiter-french-speaker-at-innotech-4420443718,IT Recruiter (French Speaker),,scraped,2026-07-07T02:45:34.248411,
99c8f51dd2c977d6,https://pt.linkedin.com/jobs/view/global-pricing-solutions-senior-specialist-anywhere-in-europe-at-viatris-4408246503,Global Pricing Solutions Senior Specialist (Anywhere in Europe),,scraped,2026-07-07T02:45:41.272994,
a9f0a7f6ff24f59b,https://pt.linkedin.com/jobs/view/%F0%9F%8C%90-secure-software-development-vulnerability-management%21-lisboa-h%C3%ADbrido-m-f-at-sysmatch-4436736715,🌐 Secure Software Development/ Vulnerability Management! - Lisboa (Híbrido) (M/F),,scraped,2026-07-07T02:45:48.943016,
fe02b2d61143ae7f,https://pt.linkedin.com/jobs/view/ibm-apptio-professional-at-deloitte-4378649890,IBM Apptio Professional,Deloitte,posted,2026-07-07T02:46:00.139217,111
a27e9da575c579b4,https://pt.linkedin.com/jobs/view/junior-executive-samlino-group-at-samlino-group-4436924306,Junior Executive - Samlino Group,,scraped,2026-07-07T02:46:02.953648,
117ee6de72ec2e55,https://pt.linkedin.com/jobs/view/people-data-systems-advisor-at-marley-spoon-4435245636,People Data & Systems Advisor,,scraped,2026-07-07T02:46:09.581242,
090f84b033932511,https://pt.linkedin.com/jobs/view/it-recruiter-french-speaker-at-randstad-digital-portugal-4432396560,IT Recruiter (French Speaker),,scraped,2026-07-07T02:47:20.328404,
c4a37cf182538e93,https://pt.linkedin.com/jobs/view/consultor-imobili%C3%A1rio-4433082615,Consultor imobiliário,Zome np Lisboa - Av. Roma,posted,2026-07-07T02:47:32.863412,141
cf28cf0a0fd3ad3b,https://pt.linkedin.com/jobs/view/especialista-de-forma%C3%A7%C3%A3o-at-mobizy-4435480402,Especialista de Formação,,scraped,2026-07-07T02:47:35.430497,
41f243fff0c5c064,https://pt.linkedin.com/jobs/view/empregado-a-de-mesa-at-praia-no-parque-4436774334,Empregado(a) de Mesa,,scraped,2026-07-07T02:47:46.231951,
280ca2a5a5c540e9,https://pt.linkedin.com/jobs/view/internal-auditor-at-bison-bank-4432792351,Internal Auditor,Bison Bank,posted,2026-07-07T02:48:03.075987,143
d20a116567cd8511,https://pt.linkedin.com/jobs/view/maintenance-technician-m-f-d-afternoon-shift-at-borgwarner-4367826344,Maintenance Technician (M/F/D) - Afternoon Shift,,scraped,2026-07-07T02:48:05.671472,
d1557e8c22dc02bd,https://pt.linkedin.com/jobs/view/product-development-manager-m-f-d-at-nil%C3%B6rn-4433979963,Product Development Manager M/F/D,,scraped,2026-07-07T02:48:12.955947,
292f4a9c0cf2f8fb,https://pt.linkedin.com/jobs/view/consultor-excel%C3%AAncia-pessoal-ihtp-at-i-have-the-power-4436753026,Consultor Excelência Pessoal IHTP,,scraped,2026-07-07T02:48:20.919173,
4b49b57f4696246b,https://pt.linkedin.com/jobs/view/senior-value-chain-development-expert-at-ntu-international-a-s-4436498077,Senior Value Chain Development Expert,,scraped,2026-07-07T02:48:27.800454,
0dcc70616eaeb594,https://pt.linkedin.com/jobs/view/t%C3%A9cnico-a-de-planeamento-lanheses-contrato-de-1-ano-at-adecco-portugal-4436318466,Técnico/a de Planeamento - Lanheses (Contrato de 1 ano),,scraped,2026-07-07T02:48:35.794368,
5e486faa7e245628,https://pt.linkedin.com/jobs/view/internal-auditor-at-robert-walters-4437172110,Internal Auditor,Robert Walters,posted,2026-07-07T02:48:49.403798,143
ae0727cd8c7e3c4e,https://pt.linkedin.com/jobs/view/t%C3%A9cnica-o-autom%C3%B3vel-mobile-trucks-aveiro-m-f-at-carglass%C2%AE-portugal-4429362995,Técnica/o Automóvel Mobile Trucks Aveiro (M/F),,scraped,2026-07-07T02:48:52.000139,
fbb6a086a6c94b6b,https://pt.linkedin.com/jobs/view/arquiteto-at-paulo-martins-arquitectura-design-4436399281,Arquiteto,,scraped,2026-07-07T02:48:58.867982,
eb6b813eadb1ccfc,https://pt.linkedin.com/jobs/view/commercial-finance-intern-rgm-%E2%80%93-portugal-at-danone-4417779069,Commercial Finance Intern (RGM) – Portugal,,scraped,2026-07-07T02:49:06.022817,
ab1a43cb0724392e,https://pt.linkedin.com/jobs/view/arabic-speaking-digital-advertising-specialist-at-kats-recruitment-4435445888,Arabic-Speaking Digital Advertising Specialist,,scraped,2026-07-07T02:49:12.637435,
9a6e253bbb8a7d1f,https://pt.linkedin.com/jobs/view/customer-service-advisor-m-f-d-at-hays-4434632059,Customer Service Advisor (M/F/D),,scraped,2026-07-07T02:50:23.034605,
98c91a6f81106a17,https://pt.linkedin.com/jobs/view/jurista-%E2%80%93-contrata%C3%A7%C3%A3o-p%C3%BAblica-at-synchro-by-egor-4436006115,Jurista – Contratação Pública,,scraped,2026-07-07T02:50:29.952334,
106084cba10f7320,https://pt.linkedin.com/jobs/view/hotel-moxy-lisboa-oriente-recruta-rececionista-de-2%C2%AA-m-f-at-hoti-hoteis-4435488510,Hotel Moxy Lisboa Oriente recruta Rececionista de 2ª (M/F),HOTI HOTEIS,posted,2026-07-07T02:51:06.223192,145
133b599112a4d2a8,https://pt.linkedin.com/jobs/view/gestor-a-de-clientes-lisboa-at-human-first-4435261820,Gestor(a) de Clientes- LISBOA,,scraped,2026-07-07T02:51:08.877953,
e48b07d939cf3ae3,https://pt.linkedin.com/jobs/view/programa-de-est%C3%A1gios-2026-futuro%40bdp-design-at-banco-de-portugal-4436362356,Programa de Estágios 2026 - Futuro@BdP - Design,Banco de Portugal,posted,2026-07-07T02:51:26.412087,147
477e53dbab49bded,https://pt.linkedin.com/jobs/view/t%C3%A9cnico-especialista-em-agronomia-amendoal-at-rota-unica-agriculture-4436946606,Técnico Especialista Em Agronomia - Amendoal,Rota Unica Agriculture,posted,2026-07-07T02:51:37.338016,149
bcfd6f10efc15ab8,https://pt.linkedin.com/jobs/view/guest-experience-expert-at-delta-hotels-and-resorts%C2%AE-4435716660,Guest Experience Expert,,scraped,2026-07-07T02:51:39.981334,
b7299e4a8a018a35,https://pt.linkedin.com/jobs/view/business-analyst-trainee-at-bnp-paribas-cib-4436758555,Business Analyst Trainee,BNP Paribas CIB,posted,2026-07-07T02:52:29.938542,151
a9591f53ba355cd3,https://pt.linkedin.com/jobs/view/oferta-precisa-se-cozinheiro-a-at-dyb-4434953617,Oferta: Precisa-se Cozinheiro/a,DYB,posted,2026-07-07T02:53:46.199313,153
9652b4d882040dd9,https://pt.linkedin.com/jobs/view/agente-de-apoio-ao-cliente-%E2%80%93-mude-se-para-atenas-at-savior-artigos-texteis-lda-4435290816,Agente de Apoio ao Cliente – Mude-se para Atenas,,scraped,2026-07-07T02:53:48.836555,
0254316a8519602c,https://pt.linkedin.com/jobs/view/italian-customer-support-lisbon-at-francisco-ci-4435201623,Italian customer support-Lisbon,,scraped,2026-07-07T02:53:58.047354,
b4aaaf4e274923d1,https://pt.linkedin.com/jobs/view/logistic-operational-assistant-oliveira-do-bairro-at-h%C3%B4ma-4431905022,Logistic Operational Assistant - Oliveira do Bairro,,scraped,2026-07-07T02:54:11.258344,
5176ed8716306a8f,https://pt.linkedin.com/jobs/view/data-scientist-at-we-are-meta-4436749094,Data Scientist,,scraped,2026-07-07T02:54:18.390518,
044cedc20ca0633b,https://pt.linkedin.com/jobs/view/assistente-de-backoffice-an%C3%A1lise-predial-lisboa-at-intelcia-4437417171,Assistente de Backoffice - Análise Predial - Lisboa,,scraped,2026-07-07T02:54:27.018739,
7fd98bcde9844f0a,https://pt.linkedin.com/jobs/view/bi-data-scientist-at-primeit-4420132128,BI Data Scientist,,scraped,2026-07-07T02:54:34.622791,
29d34d9cc960ff26,https://pt.linkedin.com/jobs/view/recruiter-est%C3%A1gio-iefp-hibrido-oeiras-at-shore-4435433606,"Recruiter - Estágio IEFP - (Hibrido, Oeiras)",,scraped,2026-07-07T02:54:43.231832,
08eba8b50ee32773,https://pt.linkedin.com/jobs/view/t%C3%A9cnico-a-de-instala%C3%A7%C3%A3o-de-sistemas-eletr%C3%B3nicos-de-seguran%C3%A7a-at-almas-industries-portugal-4436995662,Técnico(A) De Instalação De Sistemas Eletrónicos De Segurança,,scraped,2026-07-07T02:54:49.916227,
5753c12c4b7ab6b3,https://pt.linkedin.com/jobs/view/venture-associate-samlino-group-at-samlino-group-4436929142,Venture Associate - Samlino Group,,scraped,2026-07-07T02:54:59.367124,
a94107efa2df6c2b,https://pt.linkedin.com/jobs/view/architecture-technician-at-decskill-4433925986,Architecture Technician,,scraped,2026-07-07T02:55:05.640979,
b95c34f46dbd2bf4,https://pt.linkedin.com/jobs/view/business-manager-at-primeit-4433109222,Business Manager,,scraped,2026-07-07T02:56:18.505482,
8aafadf76eaab309,https://pt.linkedin.com/jobs/view/exchange-on-premises-administrator-at-inetum-4417759889,Exchange On-Premises Administrator,,scraped,2026-07-07T02:56:26.454788,
c0bb3017530fb61a,https://pt.linkedin.com/jobs/view/optometrista-%C3%A1gueda-at-adecco-permanent-recruitment-4433937807,Optometrista | Águeda,,scraped,2026-07-07T02:56:33.597865,
526bd0a249aef31b,https://pt.linkedin.com/jobs/view/business-development-associate-samlino-group-at-samlino-group-4436915502,Business Development Associate - Samlino Group,,scraped,2026-07-07T02:56:40.286135,
566ba6d5c2524b0e,https://pt.linkedin.com/jobs/view/site-reliability-engineer-at-primeit-4433971670,Site Reliability Engineer,,scraped,2026-07-07T02:56:46.559630,
bb5cb86effe5bfad,https://pt.linkedin.com/jobs/view/mba-graduate-program-comparaja-at-comparaj%C3%A1-pt-4436918383,MBA Graduate Program - ComparaJa,,scraped,2026-07-07T02:57:58.390484,
e5f42f4b2232c421,https://pt.linkedin.com/jobs/view/auditor-interno-processual-m-f-d-at-hays-4437159144,Auditor Interno Processual (m/f/d),,scraped,2026-07-07T02:58:05.826939,
